employee_id	gender	education	family_status	hire_date	passposrt	phone	home_address	name	birthday	contract_type
1	Ж	Неполное высшее образование	Женат/Замужем	14/02/2007	9680 9486165	+33 (129) 126-5983	16 Johnson Alley	Bartram Cancutt	02/06/1988	Трудовой договор
2	М	Среднее образование	Женат/Замужем	16/02/2006	8707 4293622	+7 (870) 331-9519	2 Heath Place	Averyl Gleadhell	09/01/1974	Трудовой договор
3	М	Неполное среднее образование	Женат/Замужем	15/11/2013	5897 6549400	+57 (307) 295-0408	50 Transport Drive	Kimberly Beckhurst	18/08/1966	Срочный договор
4	М	Высшее образование	Не женат/Не замужем	24/05/2013	4126 3041987	+54 (474) 734-7446	04 Mayfield Park	Jessie Martello	25/02/1966	Гражданско-правовой договор
5	М	Неполное среднее образование	Не женат/Не замужем	04/05/2007	9863 3774018	+86 (108) 758-3585	62598 Fisk Place	Lizabeth Crowden	22/03/1973	Трудовой договор
6	М	Неполное высшее образование	Не женат/Не замужем	04/03/2008	5407 4176291	+33 (881) 413-0401	5 Spaight Road	Gaston Knight	14/12/1969	Срочный договор
7	Ж	Неполное среднее образование	Не женат/Не замужем	13/05/2008	5673 2464767	+62 (505) 161-1134	3 Holy Cross Drive	Tadd Robinet	08/12/1993	Трудовой договор
8	Ж	Среднее образование	Не женат/Не замужем	25/02/2017	3687 3313300	+358 (510) 342-0102	2403 Pearson Circle	Cthrine Calverd	09/08/1995	Трудовой договор
9	М	Высшее образование	Не женат/Не замужем	25/09/2018	7044 1786281	+351 (361) 522-3894	5312 Sommers Lane	Mark Buck	24/03/1983	Трудовой договор
10	М	Неполное среднее образование	Не женат/Не замужем	22/01/2000	3075 4091538	+63 (991) 486-5975	926 7th Crossing	Julita Etter	30/11/1968	Трудовой договор
11	М	Среднее образование	Не женат/Не замужем	16/04/2020	1973 3125299	+66 (477) 746-9790	6 Upham Trail	Cynthie Phettiplace	17/10/1978	Трудовой договор
12	М	Высшее образование	Женат/Замужем	15/11/2015	9024 8720806	+52 (929) 921-6522	637 Sutteridge Trail	Thorpe Fitzsimon	27/11/1989	Срочный договор
13	Ж	Неполное среднее образование	Женат/Замужем	28/01/2012	5668 3688905	+62 (151) 633-5691	65 Sloan Terrace	Noni Delahunty	27/06/1977	Гражданско-правовой договор
14	Ж	Высшее образование	Не женат/Не замужем	27/02/2005	7248 9329743	+7 (826) 471-2444	3745 Cody Avenue	Talbert Fesby	07/09/1985	Срочный договор
15	М	Неполное высшее образование	Женат/Замужем	27/07/2012	3854 5153207	+53 (475) 482-1786	8 Wayridge Center	Kinsley Lineen	17/08/1987	Гражданско-правовой договор
16	М	Неполное высшее образование	Не женат/Не замужем	06/11/2012	6004 6952232	+86 (321) 134-1200	22942 Buena Vista Circle	Ibbie Nise	23/08/1976	Срочный договор
17	Ж	Неполное высшее образование	Женат/Замужем	07/01/2007	7967 3527985	+850 (712) 145-8000	17425 Helena Court	Ceil Spurr	09/10/1979	Трудовой договор
18	М	Неполное среднее образование	Женат/Замужем	01/12/2009	2918 6845126	+86 (898) 571-2096	8 Bayside Place	Helge Saunderson	11/06/1977	Срочный договор
19	Ж	Неполное высшее образование	Женат/Замужем	17/08/2004	1853 1721148	+55 (705) 899-0837	81455 Arizona Park	Cathleen Henderson	12/02/1989	Гражданско-правовой договор
20	М	Среднее образование	Женат/Замужем	17/07/2002	9210 1560269	+86 (275) 796-8838	2229 Cordelia Pass	Marisa Aubert	30/09/1983	Гражданско-правовой договор
21	Ж	Неполное среднее образование	Женат/Замужем	01/11/2004	3305 9504535	+86 (670) 826-4341	57 Cherokee Junction	Elroy Dreelan	06/02/1984	Трудовой договор
22	Ж	Среднее образование	Женат/Замужем	15/07/2013	5292 8535062	+7 (976) 925-2526	7 Cottonwood Street	Gayleen O'Hartagan	30/10/1971	Срочный договор
23	Ж	Среднее образование	Не женат/Не замужем	20/12/2009	4780 5138637	+49 (435) 977-5736	171 Maple Pass	Ker Tighe	02/03/1994	Трудовой договор
24	Ж	Неполное высшее образование	Женат/Замужем	01/04/2018	2045 1279854	+7 (355) 747-9823	998 Union Drive	Angy Heathcott	27/06/1971	Трудовой договор
25	М	Высшее образование	Женат/Замужем	16/07/2007	9784 4200606	+63 (771) 878-4372	0139 Northwestern Junction	Lana Chestney	08/06/1993	Срочный договор
26	М	Неполное среднее образование	Не женат/Не замужем	28/09/2013	8139 7967201	+62 (308) 720-4757	13010 Montana Parkway	Luigi Vanyukov	31/07/1972	Трудовой договор
27	Ж	Среднее образование	Женат/Замужем	22/05/2015	1775 1163230	+66 (804) 545-0122	313 Barby Trail	Shea Purcell	05/08/1968	Гражданско-правовой договор
28	М	Высшее образование	Не женат/Не замужем	27/10/2019	2528 1994065	+48 (560) 371-3628	22 Rutledge Drive	Anatollo Curl	15/10/1994	Гражданско-правовой договор
29	Ж	Неполное высшее образование	Не женат/Не замужем	21/12/2003	3759 2767035	+7 (352) 570-6109	3853 Becker Court	Weston Lutzmann	15/10/1970	Срочный договор
30	М	Среднее образование	Не женат/Не замужем	13/09/2013	2103 2410206	+850 (181) 622-7845	477 Emmet Terrace	Jakie Cramp	18/09/1974	Трудовой договор
31	М	Среднее образование	Не женат/Не замужем	07/11/2003	3983 4305260	+63 (499) 938-5203	998 Basil Hill	Amalea Cammocke	30/08/1987	Срочный договор
32	М	Неполное высшее образование	Женат/Замужем	12/11/2014	4689 4279589	+92 (493) 728-0161	0 Mockingbird Circle	Ferdinanda Haddick	18/09/1988	Трудовой договор
33	Ж	Неполное среднее образование	Не женат/Не замужем	07/03/2016	3567 2363744	+54 (132) 385-5897	85645 Cascade Terrace	Nina Wicklen	26/05/1966	Срочный договор
34	М	Неполное среднее образование	Не женат/Не замужем	21/11/2003	7272 7429437	+86 (839) 624-9285	16 Westport Park	Donica Fairney	07/06/1974	Трудовой договор
35	Ж	Неполное высшее образование	Не женат/Не замужем	20/07/2001	1573 2265759	+33 (702) 775-9417	154 Anderson Way	Cammy Monck	10/04/1986	Гражданско-правовой договор
36	М	Неполное высшее образование	Женат/Замужем	31/08/2011	2889 3163807	+351 (608) 470-8247	37523 Brown Terrace	Adore Benz	01/08/1984	Гражданско-правовой договор
37	М	Неполное среднее образование	Женат/Замужем	09/03/2020	6949 4333994	+86 (887) 967-6030	0226 5th Street	Ollie Godsell	16/02/1985	Гражданско-правовой договор
38	Ж	Неполное высшее образование	Женат/Замужем	17/06/2007	3741 1520936	+1 (491) 767-9664	61345 Kingsford Trail	Kippie Kindon	26/03/1971	Гражданско-правовой договор
39	М	Неполное среднее образование	Женат/Замужем	22/09/2003	5037 6761731	+55 (292) 475-9231	122 Starling Alley	Maureene Shakle	20/01/1983	Трудовой договор
40	Ж	Высшее образование	Женат/Замужем	01/02/2003	5431 6033938	+86 (731) 776-3371	32406 Leroy Plaza	Bathsheba Dyne	10/09/1965	Срочный договор
41	Ж	Неполное среднее образование	Не женат/Не замужем	28/05/2016	2343 6012603	+63 (888) 706-8364	2713 Hanson Alley	Catie Vaud	18/04/1978	Срочный договор
42	Ж	Неполное среднее образование	Не женат/Не замужем	04/11/2011	3528 4643576	+84 (220) 426-5251	1604 Buena Vista Place	Iolanthe Hrishanok	02/10/1982	Гражданско-правовой договор
43	М	Среднее образование	Женат/Замужем	28/05/2004	2257 7151809	+33 (793) 346-3236	3 American Point	Melanie Mallabar	06/02/1977	Трудовой договор
44	М	Высшее образование	Не женат/Не замужем	16/02/2015	5863 3833288	+55 (711) 923-8872	655 Anniversary Circle	Benjamen Stollberger	29/03/1973	Гражданско-правовой договор
45	М	Среднее образование	Женат/Замужем	13/12/2001	5052 8140082	+62 (710) 812-2881	24886 Rusk Pass	Victoria Spurgin	10/06/1990	Трудовой договор
46	М	Высшее образование	Не женат/Не замужем	06/05/2015	9466 3662186	+34 (626) 474-7843	4 Northview Hill	Ann Cicconettii	08/01/1978	Трудовой договор
47	М	Среднее образование	Женат/Замужем	13/04/2018	1724 3897836	+7 (878) 962-8462	69294 Erie Street	Terrence Bidder	10/03/1989	Срочный договор
48	М	Неполное среднее образование	Женат/Замужем	14/05/2017	6913 4982453	+55 (446) 816-9448	87 Waywood Lane	Anneliese Jandl	04/12/1982	Срочный договор
49	Ж	Неполное высшее образование	Не женат/Не замужем	06/01/2008	4947 1812758	+1 (767) 173-6413	3863 Basil Parkway	Huey Basindale	08/10/1981	Гражданско-правовой договор
50	М	Среднее образование	Не женат/Не замужем	08/01/2003	3302 7439615	+33 (378) 180-7354	09 Reindahl Pass	Cynthie Jonuzi	04/07/1973	Трудовой договор
51	М	Неполное высшее образование	Не женат/Не замужем	12/09/2006	3290 1716854	+502 (251) 643-7350	81614 Shoshone Street	Borg Tidbury	04/04/1968	Срочный договор
52	М	Высшее образование	Не женат/Не замужем	05/11/2003	8857 4564721	+86 (106) 688-2432	47 Stoughton Center	Giacinta Tappington	05/10/1992	Срочный договор
53	Ж	Высшее образование	Не женат/Не замужем	19/06/2015	9915 9765577	+98 (280) 231-6198	28203 Moulton Street	Hurley Mutter	15/05/1993	Трудовой договор
54	Ж	Среднее образование	Не женат/Не замужем	17/10/2009	5808 2403836	+53 (843) 391-8823	08 Sullivan Drive	Joly Skim	13/07/1985	Трудовой договор
55	Ж	Высшее образование	Не женат/Не замужем	03/10/2020	7984 2943537	+86 (196) 208-1917	487 Evergreen Park	Julietta Town	07/09/1991	Гражданско-правовой договор
56	Ж	Среднее образование	Женат/Замужем	19/09/2010	7416 2473007	+56 (439) 790-1614	2 High Crossing Place	Hussein Attle	17/06/1977	Трудовой договор
57	М	Неполное высшее образование	Женат/Замужем	10/04/2018	6766 7366399	+66 (754) 876-8740	37 Linden Pass	Kelby Granville	11/06/1971	Гражданско-правовой договор
58	М	Неполное высшее образование	Не женат/Не замужем	07/03/2012	4436 6975795	+46 (269) 310-4003	2912 Waywood Trail	Sullivan Drieu	22/04/1966	Срочный договор
59	Ж	Неполное высшее образование	Не женат/Не замужем	04/05/2014	5422 2052322	+33 (588) 843-0158	1 Mosinee Circle	Nevil Gregolin	31/12/1981	Срочный договор
60	М	Неполное высшее образование	Не женат/Не замужем	04/01/2012	8561 3398349	+63 (142) 230-6109	227 Warrior Street	Rawley Speere	25/07/1976	Трудовой договор
61	М	Среднее образование	Не женат/Не замужем	07/04/2018	1686 8672002	+7 (184) 884-2944	563 Center Parkway	Laurent Mingard	07/06/1994	Трудовой договор
62	М	Высшее образование	Женат/Замужем	04/05/2007	3017 2381259	+58 (294) 923-5300	97 Hermina Pass	Max Fresson	01/09/1968	Гражданско-правовой договор
63	Ж	Неполное высшее образование	Женат/Замужем	13/05/2019	3418 7902592	+57 (447) 894-5634	71 Randy Point	Keven Swyndley	27/12/1992	Трудовой договор
64	М	Высшее образование	Не женат/Не замужем	10/05/2010	7086 5794198	+33 (172) 244-5248	96147 Erie Court	Dasha Puddephatt	17/11/1988	Трудовой договор
65	М	Среднее образование	Не женат/Не замужем	30/07/2005	4357 6284400	+597 (515) 349-1607	7 Merrick Circle	Ced Crowter	04/11/1982	Гражданско-правовой договор
66	М	Среднее образование	Не женат/Не замужем	02/10/2016	8605 9407676	+52 (134) 415-3709	92925 Hayes Avenue	Nikkie Mockett	13/12/1984	Срочный договор
67	М	Высшее образование	Женат/Замужем	28/02/2001	1796 6341351	+86 (716) 504-6703	21 8th Lane	Worth Okill	18/08/1970	Гражданско-правовой договор
68	М	Высшее образование	Женат/Замужем	30/08/2002	8281 6885359	+86 (855) 533-5350	90967 Waxwing Avenue	Alice Ewbanke	24/02/1982	Трудовой договор
69	Ж	Среднее образование	Женат/Замужем	18/03/2009	5466 7839324	+856 (909) 221-5243	00 Transport Junction	Bron Peasegod	14/04/1967	Трудовой договор
70	Ж	Среднее образование	Женат/Замужем	21/11/2018	7772 9729700	+598 (791) 740-6580	886 Merchant Parkway	Hannie Hallgath	16/11/1968	Срочный договор
71	Ж	Среднее образование	Не женат/Не замужем	23/02/2016	3228 1418110	+51 (961) 166-2098	91151 Jenna Road	Danny Guisot	08/01/1967	Срочный договор
72	Ж	Высшее образование	Не женат/Не замужем	05/07/2002	4449 8277946	+54 (903) 383-6424	54736 Alpine Crossing	Sonny Girardi	21/06/1967	Гражданско-правовой договор
73	М	Неполное среднее образование	Не женат/Не замужем	19/05/2000	3572 3238716	+976 (769) 540-1454	07 Mandrake Pass	Parrnell Kitteringham	18/09/1981	Срочный договор
74	М	Неполное высшее образование	Женат/Замужем	04/05/2017	6875 2945598	+86 (811) 381-5476	7 8th Circle	Mufinella Bevans	27/05/1973	Гражданско-правовой договор
75	Ж	Неполное среднее образование	Не женат/Не замужем	29/11/2005	3887 3197258	+48 (949) 569-2490	7646 Morrow Hill	Riki Holt	02/11/1981	Гражданско-правовой договор
76	Ж	Высшее образование	Женат/Замужем	25/12/2004	3817 2671511	+966 (855) 524-4804	8 Linden Avenue	Marshal Storror	13/12/1991	Гражданско-правовой договор
77	М	Высшее образование	Не женат/Не замужем	12/05/2000	7165 1768084	+86 (698) 380-3712	98 Waxwing Court	Munmro Hatcliffe	02/02/1991	Срочный договор
78	М	Среднее образование	Женат/Замужем	27/01/2018	1980 6311080	+63 (902) 458-8094	16 Novick Plaza	Eva Dagworthy	18/01/1987	Гражданско-правовой договор
79	М	Высшее образование	Не женат/Не замужем	11/05/2006	2106 6006832	+7 (565) 107-2151	26017 Jackson Plaza	Lyon Longridge	25/02/1982	Срочный договор
80	Ж	Высшее образование	Женат/Замужем	12/03/2020	3442 1800276	+92 (296) 775-3842	6 Melvin Park	Marji Ruslen	07/02/1980	Гражданско-правовой договор
81	М	Среднее образование	Не женат/Не замужем	21/11/2012	4730 3149040	+62 (915) 682-0385	594 Trailsway Avenue	Allie Croall	30/03/1983	Трудовой договор
82	Ж	Высшее образование	Не женат/Не замужем	05/09/2004	4095 7585428	+86 (221) 774-8975	49318 Forest Run Circle	Troy Duddle	22/03/1965	Трудовой договор
83	Ж	Высшее образование	Женат/Замужем	15/02/2013	6706 4746645	+48 (945) 839-1782	41345 Dexter Parkway	Galina O'Fallone	09/09/1970	Гражданско-правовой договор
84	М	Среднее образование	Женат/Замужем	17/07/2020	8099 9624010	+33 (816) 719-6496	31 Merry Trail	Vyky Salvadori	15/04/1967	Срочный договор
85	Ж	Неполное высшее образование	Женат/Замужем	08/04/2004	2728 3720536	+86 (882) 928-0005	16086 Oak Valley Point	Amy Harnett	31/01/1966	Трудовой договор
86	М	Среднее образование	Женат/Замужем	07/09/2013	5276 8612632	+86 (482) 982-0922	4 Dayton Crossing	Maiga Burfield	19/01/1973	Гражданско-правовой договор
87	Ж	Неполное среднее образование	Не женат/Не замужем	05/03/2008	8238 7104655	+36 (867) 148-3102	926 Graceland Pass	Alexandre Colthurst	18/07/1985	Срочный договор
88	Ж	Среднее образование	Не женат/Не замужем	29/04/2008	6033 5688574	+967 (224) 950-6871	27230 Karstens Plaza	Maddi McCurdy	18/04/1975	Гражданско-правовой договор
89	Ж	Среднее образование	Женат/Замужем	18/01/2014	1384 9082569	+54 (809) 210-6219	200 Talmadge Pass	Maire Fosbraey	06/01/1993	Трудовой договор
90	Ж	Высшее образование	Женат/Замужем	15/10/2003	4578 2083958	+86 (154) 708-8746	1892 Barnett Point	Nikkie De Simoni	07/03/1978	Срочный договор
91	М	Неполное среднее образование	Не женат/Не замужем	05/02/2016	6522 1003290	+62 (250) 821-8944	94781 Darwin Circle	Norry Vigurs	28/02/1990	Трудовой договор
92	Ж	Неполное среднее образование	Женат/Замужем	14/01/2001	5733 8280296	+86 (645) 759-6480	23214 Del Mar Way	Miof mela Bricket	24/04/1983	Срочный договор
93	Ж	Высшее образование	Женат/Замужем	04/05/2007	2029 6584541	+386 (168) 706-7624	610 Golf Road	Linnea Ruff	04/01/1986	Срочный договор
94	М	Неполное среднее образование	Женат/Замужем	18/12/2013	8586 5772178	+58 (387) 661-4437	263 Vernon Circle	Gale Beevor	20/06/1974	Гражданско-правовой договор
95	Ж	Среднее образование	Не женат/Не замужем	02/09/2001	3006 5201061	+20 (858) 533-3806	80 Dawn Road	Jessee Hulke	16/03/1983	Трудовой договор
96	М	Неполное среднее образование	Женат/Замужем	28/04/2017	1168 5678741	+7 (770) 820-6375	91 Village Green Center	Horatius Shilton	06/04/1985	Трудовой договор
97	М	Высшее образование	Не женат/Не замужем	30/07/2002	6599 9109143	+502 (798) 513-1714	694 Dexter Drive	Onfre Coltan	05/11/1982	Трудовой договор
98	Ж	Неполное высшее образование	Не женат/Не замужем	08/12/2001	7387 2132179	+212 (490) 391-5533	07142 Corry Place	Conrado Karran	19/04/1986	Трудовой договор
99	Ж	Высшее образование	Не женат/Не замужем	07/11/2006	2920 2333340	+381 (620) 181-1938	2 Bobwhite Court	Karlotta Ethelston	16/07/1988	Срочный договор
100	Ж	Неполное среднее образование	Женат/Замужем	09/08/2012	9883 7451059	+358 (350) 658-2751	8867 Shelley Parkway	Clyve McKirdy	18/02/1968	Трудовой договор
101	М	Неполное среднее образование	Женат/Замужем	21/04/2016	5475 1089443	+54 (800) 125-9457	4 Mariners Cove Street	Brit Palatini	12/08/1965	Срочный договор
102	М	Неполное высшее образование	Женат/Замужем	06/04/2020	3903 6828257	+66 (597) 183-3658	992 Blue Bill Park Avenue	Leroy Husband	07/07/1975	Срочный договор
103	М	Неполное среднее образование	Женат/Замужем	10/06/2014	2644 2321361	+86 (878) 977-7532	13 Esker Circle	Rennie Overall	26/02/1987	Гражданско-правовой договор
104	Ж	Неполное высшее образование	Не женат/Не замужем	10/06/2020	7880 7105929	+55 (850) 315-9520	366 Barnett Circle	Emmerich Wenderott	13/03/1971	Гражданско-правовой договор
105	Ж	Неполное высшее образование	Не женат/Не замужем	01/12/2017	9461 3967551	+63 (765) 563-3163	014 Mifflin Way	Sharleen Liversedge	19/12/1993	Срочный договор
106	М	Неполное высшее образование	Не женат/Не замужем	19/03/2010	3874 5494130	+506 (751) 484-8180	82170 Talisman Street	Saundra Baynes	28/07/1985	Трудовой договор
107	М	Неполное среднее образование	Не женат/Не замужем	15/03/2017	6857 9959978	+7 (761) 368-2463	1495 Old Shore Circle	Rafaello Dilley	09/02/1979	Гражданско-правовой договор
108	М	Высшее образование	Женат/Замужем	26/02/2010	3084 4854879	+48 (298) 188-1243	47537 Lake View Junction	Yelena Mc Mechan	29/11/1972	Гражданско-правовой договор
109	М	Неполное высшее образование	Женат/Замужем	18/09/2014	2052 5474550	+7 (197) 255-0901	0302 Lyons Point	Catherine Acklands	18/04/1979	Срочный договор
110	Ж	Высшее образование	Женат/Замужем	25/02/2009	9925 4445142	+47 (746) 726-1920	8004 Lake View Lane	Jonah Fullbrook	18/12/1985	Трудовой договор
111	М	Неполное высшее образование	Женат/Замужем	28/06/2016	2663 7273726	+505 (270) 984-9061	176 Pankratz Alley	Daloris Philippon	29/05/1984	Трудовой договор
112	Ж	Неполное высшее образование	Не женат/Не замужем	16/10/2000	3220 7405696	+62 (350) 960-0738	8 Crowley Plaza	Ranique Heskin	10/09/1969	Трудовой договор
113	М	Неполное среднее образование	Не женат/Не замужем	27/12/2018	4268 9204083	+86 (447) 268-5598	26 Surrey Crossing	Panchito Yeates	12/01/1975	Трудовой договор
114	Ж	Среднее образование	Женат/Замужем	21/06/2014	9826 3034734	+380 (462) 534-6920	3941 Banding Drive	Bowie Costelloe	14/02/1986	Гражданско-правовой договор
115	Ж	Высшее образование	Женат/Замужем	02/07/2002	9223 5755972	+62 (392) 434-9028	83 Burrows Parkway	Jillana Corbould	11/07/1981	Трудовой договор
116	М	Среднее образование	Женат/Замужем	02/03/2005	7483 7560301	+231 (756) 668-3760	6253 Schiller Parkway	Ladonna Chartman	22/07/1969	Гражданско-правовой договор
117	М	Среднее образование	Не женат/Не замужем	22/05/2019	9094 6874246	+86 (167) 596-6978	99 Comanche Center	Ethe Grevel	06/01/1985	Трудовой договор
118	Ж	Высшее образование	Женат/Замужем	27/08/2011	6265 1884029	+62 (680) 213-3025	6 High Crossing Center	Evelina McPeake	13/10/1979	Гражданско-правовой договор
119	М	Неполное высшее образование	Женат/Замужем	03/12/2009	6132 7599526	+48 (916) 119-9507	183 Hintze Plaza	Hester Edridge	03/07/1966	Трудовой договор
120	Ж	Неполное высшее образование	Женат/Замужем	24/10/2000	7972 9238687	+92 (687) 559-7200	53 Mayfield Park	Lacie Costan	15/07/1991	Срочный договор
121	Ж	Неполное высшее образование	Не женат/Не замужем	05/09/2008	3444 2020071	+52 (513) 310-0926	6 Mayfield Court	Bailie Oxborough	19/09/1966	Трудовой договор
122	М	Среднее образование	Женат/Замужем	23/04/2012	9641 7933248	+967 (462) 909-3618	62585 Ronald Regan Trail	Emmaline Kenewell	29/01/1968	Трудовой договор
123	М	Неполное высшее образование	Не женат/Не замужем	10/12/2018	8781 1857865	+62 (471) 603-9478	2 Pankratz Terrace	Leland Barwell	19/11/1976	Трудовой договор
124	М	Высшее образование	Не женат/Не замужем	22/01/2014	4460 5622714	+46 (953) 607-8764	29537 John Wall Place	Antonio Crofts	23/11/1988	Срочный договор
125	Ж	Неполное среднее образование	Не женат/Не замужем	27/01/2008	1986 4009400	+229 (755) 442-7074	77739 Kensington Center	Obadiah Wegenen	31/12/1982	Срочный договор
126	М	Высшее образование	Женат/Замужем	26/04/2004	9277 7077326	+962 (654) 538-1676	1 Haas Way	Price Maddie	06/09/1978	Срочный договор
127	Ж	Среднее образование	Не женат/Не замужем	10/04/2015	4581 1690750	+507 (109) 929-6344	534 Holmberg Crossing	Harlan Masterman	07/01/1973	Гражданско-правовой договор
128	М	Высшее образование	Не женат/Не замужем	29/11/2010	9469 8157137	+86 (848) 229-7906	551 Michigan Avenue	Kellsie Wordesworth	16/09/1976	Срочный договор
129	Ж	Неполное высшее образование	Женат/Замужем	22/07/2014	2534 4565879	+62 (357) 207-9765	741 Rutledge Trail	Lindsy Bockler	14/06/1994	Трудовой договор
130	Ж	Высшее образование	Женат/Замужем	28/07/2020	3309 1654306	+212 (884) 147-1520	927 Vernon Center	Allene Kupker	15/07/1982	Срочный договор
131	Ж	Высшее образование	Не женат/Не замужем	22/06/2012	5589 8963750	+63 (507) 399-0870	6 Pawling Road	Annamarie Skelding	25/05/1995	Гражданско-правовой договор
132	М	Неполное высшее образование	Не женат/Не замужем	25/04/2011	8624 3904120	+57 (612) 140-0591	9792 Lindbergh Park	Mikkel Gainsford	25/09/1995	Трудовой договор
133	М	Неполное среднее образование	Не женат/Не замужем	08/11/2013	6492 5868803	+86 (720) 185-6744	3578 Vermont Hill	Boris Skirlin	07/09/1971	Трудовой договор
134	М	Неполное среднее образование	Женат/Замужем	11/11/2019	8700 4835695	+593 (186) 353-6319	05 Briar Crest Court	Renell Iohananof	08/12/1971	Гражданско-правовой договор
135	М	Высшее образование	Женат/Замужем	03/12/2019	5281 9386164	+385 (230) 124-7773	976 Arapahoe Pass	Cyndy Caws	16/01/1993	Гражданско-правовой договор
136	Ж	Неполное высшее образование	Не женат/Не замужем	18/11/2019	2371 3347354	+996 (181) 306-2863	04795 Grasskamp Park	Riobard MacCoughen	19/12/1971	Гражданско-правовой договор
137	М	Неполное среднее образование	Не женат/Не замужем	24/08/2008	6716 7411352	+86 (810) 301-7907	7783 Loftsgordon Street	Zacharie Pittham	13/12/1965	Гражданско-правовой договор
138	Ж	Неполное высшее образование	Женат/Замужем	13/10/2006	1594 9332532	+46 (836) 831-8726	08551 Walton Court	Abby Aleksandrev	19/02/1966	Гражданско-правовой договор
139	Ж	Высшее образование	Женат/Замужем	17/04/2017	3162 2546601	+420 (974) 800-8579	74682 Mandrake Street	Ryon Megroff	06/03/1986	Срочный договор
140	Ж	Неполное среднее образование	Не женат/Не замужем	05/11/2003	7030 5209868	+36 (364) 281-5824	13761 Portage Hill	Dov Veque	18/02/1994	Гражданско-правовой договор
141	Ж	Неполное среднее образование	Женат/Замужем	23/01/2007	1474 3716464	+58 (575) 763-3109	7204 Carberry Road	Alvera Dumbrall	10/02/1978	Срочный договор
142	Ж	Неполное высшее образование	Женат/Замужем	16/05/2014	9706 6286628	+86 (901) 258-1877	76356 Mcguire Court	Upton Van Oort	22/11/1986	Срочный договор
143	Ж	Высшее образование	Женат/Замужем	04/01/2013	2753 4936437	+49 (380) 801-7965	0 Main Drive	Lindy Bickerdicke	09/07/1994	Срочный договор
144	М	Высшее образование	Не женат/Не замужем	10/01/2010	6376 9048565	+33 (104) 922-3651	84383 Twin Pines Center	Giff Fontell	09/07/1980	Гражданско-правовой договор
145	М	Неполное среднее образование	Не женат/Не замужем	25/01/2015	5186 9109771	+242 (277) 636-7758	981 Ryan Road	Nancey Flook	09/03/1967	Трудовой договор
146	М	Высшее образование	Не женат/Не замужем	25/10/2005	7779 9314578	+7 (921) 453-6438	43 Comanche Lane	Pearle Mulholland	15/06/1984	Гражданско-правовой договор
147	Ж	Неполное высшее образование	Женат/Замужем	15/11/2004	2831 2559305	+55 (174) 696-0418	4 Old Shore Point	Hershel O'Connolly	26/12/1986	Гражданско-правовой договор
148	Ж	Неполное среднее образование	Не женат/Не замужем	08/12/2012	7536 4220875	+86 (362) 873-2674	43 Village Green Crossing	Jolynn Lawlan	17/07/1967	Трудовой договор
149	М	Неполное высшее образование	Женат/Замужем	11/12/2019	3671 6708837	+995 (406) 718-7586	8 Warbler Way	Dasie Hillhouse	01/03/1989	Трудовой договор
150	М	Неполное высшее образование	Не женат/Не замужем	27/12/2014	2636 5055560	+33 (131) 723-7251	4328 4th Road	Craig Roskam	22/01/1990	Гражданско-правовой договор
151	М	Среднее образование	Не женат/Не замужем	27/05/2013	2626 8779073	+7 (412) 237-7624	0 Arkansas Pass	Darbee Ralestone	05/01/1981	Гражданско-правовой договор
152	М	Высшее образование	Женат/Замужем	18/07/2000	6914 1700738	+81 (122) 477-2439	21284 1st Alley	Joycelin Duddle	01/10/1979	Трудовой договор
153	Ж	Неполное высшее образование	Женат/Замужем	10/10/2013	1380 5954816	+62 (128) 232-2642	9224 Sommers Alley	Sarine Stanyon	08/12/1981	Гражданско-правовой договор
154	Ж	Высшее образование	Не женат/Не замужем	30/03/2002	6574 6453501	+593 (598) 695-9639	42 Forster Center	Jerad Heading	23/02/1965	Гражданско-правовой договор
155	Ж	Среднее образование	Не женат/Не замужем	25/04/2007	8392 8639148	+86 (148) 370-7380	5710 Miller Plaza	Derrek Houtby	28/06/1970	Срочный договор
156	Ж	Неполное высшее образование	Не женат/Не замужем	12/11/2013	8964 7185978	+33 (108) 596-1883	5 3rd Center	Arch Opfer	20/04/1992	Трудовой договор
157	М	Среднее образование	Не женат/Не замужем	10/03/2013	4527 6007163	+237 (895) 777-4656	4 Nevada Terrace	Doralin Burrows	13/09/1975	Срочный договор
158	М	Среднее образование	Женат/Замужем	20/03/2017	2774 6671166	+81 (242) 369-4387	74 Cascade Road	Johnna Hebbron	19/03/1987	Срочный договор
159	Ж	Неполное среднее образование	Женат/Замужем	02/06/2000	6091 5922677	+20 (469) 894-6784	356 Stoughton Drive	Auroora Hellicar	10/08/1974	Гражданско-правовой договор
160	Ж	Неполное высшее образование	Не женат/Не замужем	24/02/2016	2846 3096223	+62 (908) 973-3606	246 Crest Line Street	Margy Collete	05/07/1971	Трудовой договор
161	М	Среднее образование	Не женат/Не замужем	20/02/2007	5882 7563094	+380 (560) 601-0821	788 Vera Trail	Franciska Edgars	30/05/1986	Срочный договор
162	Ж	Неполное среднее образование	Женат/Замужем	18/02/2015	8023 6704243	+63 (132) 829-4372	18 Anderson Road	Barclay McCard	02/02/1990	Срочный договор
163	М	Высшее образование	Не женат/Не замужем	15/10/2005	4580 1349411	+86 (162) 291-9623	8 Crowley Park	Nertie Patillo	09/11/1971	Срочный договор
164	М	Высшее образование	Женат/Замужем	30/10/2006	4043 3083895	+81 (276) 250-2363	31337 Norway Maple Court	Trudy Garnsworth	07/09/1978	Гражданско-правовой договор
165	Ж	Высшее образование	Не женат/Не замужем	23/03/2016	4356 2162880	+62 (665) 869-7813	2 Meadow Vale Hill	Remington Pavese	18/11/1970	Срочный договор
166	Ж	Неполное среднее образование	Не женат/Не замужем	30/04/2002	4264 1588401	+86 (826) 827-7554	1168 1st Pass	Miguel Easeman	26/01/1974	Гражданско-правовой договор
167	М	Неполное высшее образование	Не женат/Не замужем	22/01/2020	2916 3744615	+389 (481) 107-0352	9 Bluejay Street	Caresse Skiggs	25/07/1975	Гражданско-правовой договор
168	Ж	Неполное среднее образование	Женат/Замужем	08/08/2015	8048 8494126	+63 (856) 515-8809	859 Oxford Way	Corenda Hanselmann	26/06/1975	Гражданско-правовой договор
169	Ж	Высшее образование	Не женат/Не замужем	01/07/2013	6218 7166170	+55 (836) 875-2167	32778 Northland Hill	Gussy Gunningham	27/09/1971	Срочный договор
170	М	Неполное высшее образование	Женат/Замужем	18/07/2012	2445 3631018	+66 (989) 351-1233	49025 American Ash Hill	Salaidh Moulden	06/08/1981	Трудовой договор
171	Ж	Высшее образование	Женат/Замужем	14/11/2006	6328 3287903	+55 (528) 533-8990	11339 Sloan Court	Alia Faye	24/05/1987	Срочный договор
172	М	Неполное высшее образование	Не женат/Не замужем	20/08/2008	4165 6156576	+48 (672) 444-8245	88607 Riverside Court	Bobine Goford	10/02/1965	Срочный договор
173	Ж	Неполное среднее образование	Женат/Замужем	28/05/2012	2111 3841238	+63 (123) 337-5270	714 Amoth Lane	Misha Rapport	12/11/1966	Срочный договор
174	Ж	Неполное высшее образование	Женат/Замужем	02/04/2003	3216 4142526	+375 (830) 607-7147	1018 Declaration Alley	Laverna Espasa	26/04/1991	Гражданско-правовой договор
175	М	Неполное среднее образование	Не женат/Не замужем	11/09/2009	4413 9057748	+351 (813) 315-7273	6 High Crossing Plaza	Barri Braycotton	19/01/1969	Гражданско-правовой договор
176	Ж	Неполное высшее образование	Женат/Замужем	07/07/2004	1902 5759990	+351 (437) 747-8870	53503 Banding Drive	Caro Arkley	31/08/1969	Гражданско-правовой договор
177	М	Среднее образование	Женат/Замужем	30/09/2016	3840 3661979	+62 (814) 584-7611	54122 Logan Junction	Imogen Luker	19/07/1991	Трудовой договор
178	Ж	Неполное среднее образование	Женат/Замужем	05/01/2020	9550 2819500	+374 (386) 541-9979	86 New Castle Crossing	Joachim Shurmore	10/10/1973	Трудовой договор
179	М	Среднее образование	Не женат/Не замужем	28/08/2008	6738 2993942	+55 (841) 445-0876	511 Cottonwood Junction	Birdie Domney	22/08/1984	Гражданско-правовой договор
180	М	Неполное среднее образование	Не женат/Не замужем	17/01/2016	3312 3298463	+62 (141) 909-4558	5222 Forest Run Plaza	Foster McGifford	23/04/1973	Срочный договор
181	М	Неполное среднее образование	Не женат/Не замужем	07/06/2003	9766 5105951	+374 (263) 638-4317	87981 Hoepker Pass	Celia Tilsley	02/06/1992	Гражданско-правовой договор
182	М	Высшее образование	Женат/Замужем	20/01/2016	5001 8936561	+33 (902) 347-2428	68202 Nancy Trail	Juliana Sennett	02/07/1984	Срочный договор
183	Ж	Неполное среднее образование	Не женат/Не замужем	22/12/2019	6686 8418431	+963 (974) 952-6732	358 Buell Alley	Honey Ascraft	28/06/1967	Срочный договор
184	М	Неполное высшее образование	Женат/Замужем	29/08/2012	5381 4816490	+55 (219) 873-1730	12788 Moose Drive	Gladys Husby	09/02/1981	Срочный договор
185	М	Неполное высшее образование	Не женат/Не замужем	20/09/2011	8561 9659997	+63 (137) 409-7928	48 Maple Center	Kendrick Laidel	28/07/1972	Трудовой договор
186	Ж	Среднее образование	Не женат/Не замужем	30/12/2017	7573 5508199	+998 (213) 674-6313	29 Hazelcrest Junction	Alvin Moland	15/10/1986	Срочный договор
187	Ж	Неполное высшее образование	Женат/Замужем	11/09/2009	2558 1836098	+86 (340) 130-4570	9510 Montana Drive	Hollie Thomassin	12/12/1984	Гражданско-правовой договор
188	Ж	Высшее образование	Не женат/Не замужем	17/02/2018	4384 6363413	+242 (772) 938-5381	60 Stephen Road	Halsey Arson	28/02/1965	Гражданско-правовой договор
189	Ж	Высшее образование	Не женат/Не замужем	27/10/2016	6866 7412450	+370 (394) 617-3294	52119 Stoughton Point	Giuditta Charles	05/06/1995	Срочный договор
190	Ж	Среднее образование	Не женат/Не замужем	03/03/2017	4846 1614805	+86 (931) 195-8938	1 Browning Center	Anette Studart	20/10/1995	Гражданско-правовой договор
191	М	Среднее образование	Не женат/Не замужем	21/03/2001	6109 4129051	+98 (720) 261-2332	4903 Parkside Park	Gard Swyre	26/06/1992	Гражданско-правовой договор
192	Ж	Неполное среднее образование	Не женат/Не замужем	28/05/2007	5452 1745854	+389 (625) 163-5885	06 Bultman Pass	Gunner Kivelhan	06/05/1967	Трудовой договор
193	М	Неполное среднее образование	Женат/Замужем	10/12/2000	7089 7796817	+55 (889) 883-7295	5699 Thierer Place	Devon Leguay	28/11/1977	Трудовой договор
194	Ж	Высшее образование	Не женат/Не замужем	20/07/2016	8600 4501709	+27 (338) 351-5569	1413 Caliangt Street	Lowrance Ashpital	15/10/1970	Гражданско-правовой договор
195	Ж	Неполное высшее образование	Не женат/Не замужем	28/08/2003	2135 5311309	+52 (433) 705-7041	39294 Birchwood Terrace	Sim Happer	22/09/1971	Трудовой договор
196	Ж	Неполное высшее образование	Женат/Замужем	16/01/2013	5440 9256718	+63 (794) 577-3897	036 Oak Valley Way	Reynard McCleary	16/10/1992	Трудовой договор
197	М	Высшее образование	Женат/Замужем	08/03/2003	9665 4687077	+1 (305) 483-9803	35228 6th Center	Freeland Cotte	14/06/1984	Срочный договор
198	М	Неполное среднее образование	Женат/Замужем	06/09/2004	4730 7824831	+66 (186) 318-3268	30126 Northview Road	Ardyth Mingotti	13/10/1966	Гражданско-правовой договор
199	Ж	Неполное среднее образование	Женат/Замужем	07/07/2006	9219 8615809	+1 (337) 406-5751	6129 West Alley	Sue Fidelli	14/11/1967	Срочный договор
200	Ж	Неполное среднее образование	Не женат/Не замужем	03/09/2017	1373 4703021	+63 (370) 709-7097	44 Wayridge Way	Kevyn Cheverell	19/12/1990	Срочный договор
